Comment_ID,Username,Comment
mesg4qj,heickelrrx,"Regardless kualitas Oktannya beneran Pertamax Quality atau tetep Pertalite Quality, Image PR lu tuh udah ancur, tau diri lah jangan ngeles begitu lah.

Pikirin strategy PR yang baik, orang itu udh trust issue sama kamu"
mess9mn,evirussss,"Masih aja ngeles ðŸ˜…

Daripada gitu, lebih mending bilang, emang praktik tersebut ada, cuma tidak di semua pom

Soalnya mau ngeles bagaimanapun, bukti nyatanya udah ada. (keinget video Touring, yang motornya rusak karena ngisi di pom pertamina)"
mesu63m,FSX_Pilot,Otewe pindah ke kerang kuning
mesx5tq,PeaceSomeCake,"Opini yang bagus,sekarang perbagus pr perusahaanmu"
met437d,Saiba1212,"Gimanalah orang-orang ini. Udah jelas nyata pelaku ada, modus ada, udah ketangkep juga. Masih berani ngeluarin pernyataan gini tuh gimana ceritanya?"
met9mok,Wrankiz,ngeles terus tai
metarr8,konterpein,Coba tu pertamina dituntut pake UU perlindungan konsumen
mesoqhy,Rahvana13,"Yaudah mending beli Pertalite lah, sekalian biar profitnya turun, terus dividennya kecil buat Danantara. Win-win"
mesrse5,odonkz,"pantes pertamax turbo walau isi literan lebih dikit bisa tahan 2 minggu, kalo pertamax doang cuma sampe hari jumat udah abis."
metlm19,Boyoboy7,"Lanjut aja dulu investigasi, klo bantahan nya ngomong doang mah banyak yg gapakal percaya wkwk.

Uda deh, BUMN dari Pertamina sampe PLN praktek monopolinya diteken aja biar ga ditanggung sendirian penyediaan nya.

Misal nya PLN jadi ngatur dan kontrol transmisi aja, jadi swasta bisa jualan listrik tanpa harus nunggu tender PLN.

Mending gini daripada jadi susah produk nyamoe konsumen."
met4r8n,SeraPah10,Ah yes Badan Usaha yang tidak berusaha
met7456,wilwen12691,Boikot pertamina lah
met1q05,Rooster_Hunter0705,taunya pertalite masih pakai standar bensin premium
metdypv,SupermarketStrong260,Kayaknya bentar lagi bakal ada lowongan kerja sbg buzzer wkwk.
metlo7s,RokuDeer,"Liat berita perusahaan negara ga bermoral semua gini, investornya kabur semua, pak bowo."
metixb3,OriharaYuzuru,"Semenjak ada berita kasus korupsi perusahaan minyak P, pom bensin kerang dekat rumahku antrean pembeli dengan sepeda motor mengular gak kayak biasanya yang antre gak sampe lebih dari 5 sepeda motor"
metw5mw,Deleted,[deleted]
mesnjtn,digitalsunshine,Jadi lebih aman beli pertalite ya dibanding pertamax?
meszcyy,synvi,So stupid to double down ðŸ˜‚
metlzmq,elonelon,"ya kalau mau korupsi utk keuntunga  pertamina sendiri mungkin masih bisa lah. tapi kalau uang lari keluar, ini yang gak bisa."
metym30,bitelaserkhalif,What's next? Oli QC gacha?
meu7z9k,niftygrid,"lah, bukannya ngaku malah ngeles, kebiasaan bumn indo goblok goblok 

image udah jatuh makin jatuh lagi"
meue2mf,galaxy_gs,"Udah berasa sih dr dulu. pake pertamax malah ngempos, pas isi Total RON92 lebih enak tarikan"
meuognz,EdgarDrake,"Gw cuma mw membenarkan hal yg benar aja:

Benar Indonesia export crude oil dan import refined oil (petrol, diesel, avgas, aftur) krn kt blm punya refinery mumpuni. Tapi, yg dilakukan oleh negara adalah cuan, walau impor, cari yg harga murah sehingga revenue export crude > cost import refined oil. Itu bener.

Cuma ya kalian tau, murah selalu menang, jd kualitas dipertanyakan... kl ternyata sial2nya kt sbg konsumen bayar RON 92, tp cuma RON 88/90 yg di aditif-in, itu rugi bgt utk kita, soalnya fuel efficiency nya berkurang.

Liat aja tuh bio solar dr taun ke taun, kadar ethanol dinaikin terus, yg dl misalnya bs 16km/L, mungkin skrg cm 14km/L. Hal ini bs terjadi jg dg Pertamax-nya kita, kl pake alih2 RON rendah dimodifikasi."
meuukcq,Meemeemiaw23,"mirip kaya

*untuk masih ada \*\*\*\*\**"
meuxbv3,potat_oes,Jadi pertalite dan pertamax mulai ga enak dipakai hanya placebo effect?
mev6jxr,chocolait,Apakah sistemnya agak sengaja dibuat agar mudah korupsi?
mevkyy6,Schizo-Vreni,"Why they dont put pigment in subsidized fuel? In my country, they put pigment in heating solar bcos its much cheaper but not allowed to mix or put in car, even though its the same. Bcos theres a color in it, its very easy to see when it has been tampered."
mewhw12,Adorable_Peanut6334,"kenapa drama di indonesia ini mayoritas terkait dengan ""pemerintahan""  , pertamina, dpr, kementrian, polisi, efisiensi, mbg ,,   mayoritas drama berasal dari faktor ""didalam"" , 

jarang ada drama dari faktor ""luar""  tentang misal,  alien menginvasi indonesia , indonesia melawan pasar global china , indonesia vs teknologi jepang , dsb dsb , ðŸ¥±ðŸ¥± , 

buka sosmed, berita ttg kerusuhan, polisi, kang parkir, jalan rusak , salah tangkap , pertamax , korupsi timah , baahh , ato gue yg ga nemu berita itu di sosmed"
meso1gj,Flyer888,"Worst case ntar bakal nyeletuk kayak lion air.  

â€œIya, kualitas bbm kita mungkin emang busuk dan pelayanan kita bobrok, tapi emang di daerah kamu punya pilihan lain? Nggak kan? Yaudah gausah banyak bacotâ€"
mestimk,rkmto,"Strategy PR mereka paling ya pake hastag di twitter dan tiktok sekalian nyewa buzzer. Seperti biasa, buat memecah belah warganet."
metbl28,Deleted,[removed]
met30k9,glasnott,"kerang kuning dkk, harus segera bergerak PR nya. buat ambil pasar"
mesz2fo,AromaticGas260,The only competitor they have is themshelf
met1qw5,SicgoatEngineer,BUMN mana ada yg PR nya bagus wkwkwkwk
meuqxjm,CellObvious3943,RemindMe! 14 days
met7t9a,hambargaa,Wkwkwwk Indonesian govt not making stupid excuses challenge: impossible.
met9e5u,gerinko,"Klo jawab gitu mereka bakal ditembak ""lalu bagaimana quality controlnya? gimana agar hal seperti ini tidak terjadi lagi?"". Nambah kerjaan. lol."
metpo2l,Deleted,[removed]
metrvzh,sfu114,belum ketangkep semua
mespzlh,GalluZ,"I ride with Honda CB 150 R, needs RON 92. Good thing my city I'm studying at has a Shell station. Just tried its Shell Super yesterday filling from half to full. I think it has some misfires? Gas sometimes isn't consistent, but then it went back to normal."
mespzma,Tigbear11,"belum pernah ketemu plang didepan SPBU ""maaf Pertalite sedang dalam pengiriman""?"
meudh4h,alvinvin00,"i wish i can, Shell, now's the time to open in Palembang please"
meuqq7t,CellObvious3943,"I don't think we got the power to do that.

yg ngatur itu negara via esdm dan penduduk kite kegedean.

kalo mo boikot yg bisa jkt doang."
meuiyjs,guinevie,kalo dex nggak. yg dexlite itu basically biosolar + aditif.
met99fx,KnightModern,kabarnya dioplos jadi ron 86
met6rdy,AUFalconForteS1,Damn that hit home as someone who loves in a city without an alternative to pertamina
meunqa7,Longsearch112,"Shell sebenernya bisa buka di seluruh penjuru Indonesia tapi dijegal sama pertamina. Buat yg bilang nanti costnya kegedean buat ngebuat SPBU baru dan logistic itu alasan bullshit.

Alasan sebenernya karena secara ga langsung dijegal pertamina lewat aturan, ""swasta dilarang import minyak mentah luar dan harus beli dari pertamina"" dan ""subsidi bbm""."
meszdl8,pak_erte,pengemis tidak bisa jadi pemilih
metpipn,CrossZDrago,"Iya lagi, gak ada yang swasta di kota ini."
meu7w5q,harvestcrafter01,Pengen beberapa pasal 33 UUD yg harus diamandemen
meu2hc9,TermEnvironmental812,"Nanti jargonnya : ""Pertamina menjangkau hingga pelosok daerah. #UntungAdaPertamina"""
metd0cu,monkeykong2905,"Becuk, bumn karya, djp, kpk"
meujxwk,thotpatrolactual,"https://id.m.wikipedia.org/wiki/Lembaga_Tinggi_Negara

https://id.m.wikipedia.org/wiki/Daftar_kementerian_di_Indonesia

https://id.m.wikipedia.org/wiki/Daftar_Badan_Usaha_Milik_Negara_di_Indonesia

Take your pick."
meuov69,GerindraCabangKongo,Swap the order of 5 to 1 obviously
mew2ibt,sou-,"diciptabintar (at least di kota gw), kalo mau dapet IMB / PBG, harus sogok dari bawah sampe atas kalo ga bisa bertahun2 ga keluar"
metoqcv,-Almost-Shikikan,"Bawa E85 sama E90 sekalian, pls"
meuaj7a,jakarta_guy,"Gampang jegalnya, kayak barusan stok kosong gara2 ijin import terbitnya lama, stok lokal keburu kosong"
meur0tn,RemindMeBot,"I will be messaging you in 14 days on [**2025-03-12 08:14:44 UTC**](http://www.wolframalpha.com/input/?i=2025-03-12%2008:14:44%20UTC%20To%20Local%20Time) to remind you of [**this link**](https://www.reddit.com/r/indonesia/comments/1iy8osd/pertamina_sebut_pertamax_bukan_oplosan_dan_kilang/meuqxjm/?context=3)

[**CLICK THIS LINK**](https://www.reddit.com/message/compose/?to=RemindMeBot&subject=Reminder&message=%5Bhttps%3A%2F%2Fwww.reddit.com%2Fr%2Findonesia%2Fcomments%2F1iy8osd%2Fpertamina_sebut_pertamax_bukan_oplosan_dan_kilang%2Fmeuqxjm%2F%5D%0A%0ARemindMe%21%202025-03-12%2008%3A14%3A44%20UTC) to send a PM to also be reminded and to reduce spam.

^(Parent commenter can ) [^(delete this message to hide from others.)](https://www.reddit.com/message/compose/?to=RemindMeBot&subject=Delete%20Comment&message=Delete%21%201iy8osd)

*****

|[^(Info)](https://www.reddit.com/r/RemindMeBot/comments/e1bko7/remindmebot_info_v21/)|[^(Custom)](https://www.reddit.com/message/compose/?to=RemindMeBot&subject=Reminder&message=%5BLink%20or%20message%20inside%20square%20brackets%5D%0A%0ARemindMe%21%20Time%20period%20here)|[^(Your Reminders)](https://www.reddit.com/message/compose/?to=RemindMeBot&subject=List%20Of%20Reminders&message=MyReminders%21)|[^(Feedback)](https://www.reddit.com/message/compose/?to=Watchful1&subject=RemindMeBot%20Feedback)|
|-|-|-|-|"
metufc8,fajarmanutd,"Hire PR buat bikin public apology : âŒ

Hire buzzer buat counterargument: âœ…"
metpw71,FSX_Pilot,Apa dayalah diriku yang di Jogja... SPBU swasta jarang...
metrm6g,kucing,"Kerang enjoyer for years here too. 

Memang tipikal redditor indo sini banyak yg ga napak tanah kaya kontol. Bacotnya selalu gitu ""hurr durr mana ngaruh lu boikot bleklis sama kompeni multi billion"" eh kontol mleduk goblok, bodo amat! I vote with my fucking wallet, it's my choice, idgaf mau ngepek apa kagak not my control, fokusnya gw ga mau urusan sama kompeni kaya kontol."
mettknm,Saiba1212,You know the point
met2lcb,kampr3t0,"kalau biasanya isi pertamax, coba sesekali pakai v-power buat bersihin ruang mesin dari ampasnya bensin pertamina"
metapvh,Academic_Crab_8401,"Berarti memang beda bensinnya. Karena kalo fuel injection biasanya bisa adaptasi, hence it went back to normal. Nah cuman mana yg lebih bagus kita ga bisa tau. Itu misfire juga bisa terjadi dari ECU yg angkat kompensasi buat yg sebelumnya BBM jelek, tapi terlalu agresif. Dan karena masih kecampur bensinnya, bisa aja kecele si ECU, sesaat dapet bagus, sesaat dapet jelek.

Kayaknya baru ketauan mana yg bagus nanti dari hasil konsumsi. Karena kalo BBM bagus -> ECU bakal bergerak ke arah settingan yg optimal -> lebih irit."
metno71,EdisiTerbatas,"Iya sama pake shell super metik 125cc ku suka misfires, pake vivo 90 brebet, pake vivo 92 belum coba sih, mau coba bp belum sempet-sempet"
mess3ya,Downtown2767,sama daerah yang spbu nya sedikit terus antri nya panjang banget
metigvg,Rahvana13,"Karena saya dibkota besar sih belum ya..ðŸ˜…ðŸ˜…

susah alternatif swasta juga kah daerahmu ?"
meuf056,uforge,"untung shell ada byk di kota gua, sblm ada kasus ini juga gua udh pake shell"
mew30rg,sou-,banyak kota besar yang ada vivo dan shell kok
metjgr8,OriharaYuzuru,"Atau dioplos jadi RON 88

https://preview.redd.it/2x4s7tlbdele1.png?width=400&format=png&auto=webp&s=8113dbeb879a4b060109a2c659b123a370297078"
meudjvw,jsuwangsa,"Asli deh disini cuma ada pertamina, mana lebih mahal kena pajak daerah. Gini amat Riau penghasil minyak. ðŸ’€ðŸ˜‚"
metd1hn,monkeykong2905,"Tbf, semua"
mettzvs,fajarmanutd,"Oh for real, istri gue tax consultant dan suka ngeluh DJP ini prefer nyalahin user daripada ngaku sistemnya jelek wkwk. 

I don't get it, harusnya DJP ini nge treat tax payer dengan baik. Kan mau bayar pajak wkwk."
metpdh4,glasnott,"gw lebih pengen dy ada di setiap rest area trans jawa..  
  
untuk dalkot mah aman. cabang cukup. klo lagi keluar kota. ga ada pilihan :("
met2xbw,GalluZ,RON nya kan agak tinggi dari spek motorku. Apa nggak resiko knocking?
metkmxo,Tigbear11,Paling AKR yang khusus jual Solar subsidi .....(sama aja lebih sering Plang BBM Subsidi dalam pengiman ketimbang buka)
mew6w58,CellObvious3943,Indonesia tidak cuma kota besar kak :(
metlnpc,Specialist-Control38,kalau kita bisa reverse ron 88 jadi ron 86 artinya infinite BBM Glitch
metkc1z,sadbot0001,"Based on my experience, dukcapil, imigrasi, dan pertanahan udah cukup bagus. Exceeding expectancy dinas-dinas kebanyakan."
metvjip,monkeykong2905,"Yeah they have the weird â€œus against the worldâ€ mentality. Semua WP pasti kriminal dan gemplangin pajak. Terlalu akurat salah , banyak salah juga salah. Kalau gada penemuan dikorek karena dianggap hal tidak mungkin. Jdi apa insentif wp lapor pajak dengan bener. Kalau mau capai target penyetor angka besar dikirim surat cinta ditembak angka berapa nanti negoâ€¦"
mevjj93,-Almost-Shikikan,Kota besar di pulau Jawa aja. Gw males harus ke Jakarta beli per drum buat bensin shell doang
met4rnz,steaminghotcorndog13,"knocking happens when the ron is too lowâ€¦ not the otherwayâ€¦

https://en.m.wikipedia.org/wiki/Octane_rating

but your bike can only optimally use the highest octane it can compress."
met38e0,kampr3t0,dulu gw pakai mio aja ga ada knocking apaÂ² kok
metnxyz,pathtobackyard99,"Pertanahan habis kena kasus pagar laut, barusan kemarin DJP ada kasus juga di KPK."
metnhxu,motoxim,Lebih gampang sebutin yang bagus dan pengecualian daripada yang jelek enggak sih?
metv4m7,monkeykong2905,"Dukcapil, i agree. Ktp rusak minta dibuat yg baru ,dihari yang sama selesai karena besok mau keluar kota. sorenya jadi.

- imigrasi pernah dipersulit dan kode dimintaiin duit. 5 years ago had job offer from LN, but my passport validity is less than a year jdi hrus perpanjang. Ud kasi liat semua dipersulit disuruh masuk ruangan papan namanya diganti biar ga keliatan siapaa nama pegawainya (xxx, i kid you not). Made a few phone calls, bru mau diperpanjang dan duduk terdiam liat gua pas balik lgi ke kantor imigrasi buat proses.

- pertanahan banyak busuknya si sbnrnya mafia tanah, banyak sengketa gara gara ga becus orang bpn dan korup. Masa bisa tumpang tindih sertifikatnya. Kalau kena sengketa sama orang lebih kaya lepas aja tanahnya, they will bankrupt you in legal proceedings"
metbzln,GalluZ,Ahh thx dude
meu9xpt,sadbot0001,Iya. Untungnya pengalaman gue bagus pas tempo hari hari ngurus SHM.
meu9qzw,sadbot0001,"Iya, unfortunately. Jumlah bad apples-nya udah lebih banyak."
meuaqs4,sadbot0001,"Makanya gue bilang based on my experience.

Gue terakhir bikin passport itu tahun 2023 (passport ke 4 gue) dan Alhamdulillah pengalamannya makin membaik dari setiap periodenya. Gak pernah ada perpindahan uang dari tangan gue ke petugas imigrasi.

Soal pertanahan, Alhamdulillah gue gak nemuin masalah pas ngurus SHM abis ngelunasin rumah. Proses dari mulai masukin dokumen sampe keluar SHM atas nama gue sangat mudah dan pembayaran dilakukan ke loket bank. Sama sekali gak ada perpindahan uang dari tangan gue ke petugas pertanahan."
meue74n,zablay,"Kalo motor lu udah close loop harusnya ECU bisa otomatis ngimbangin. Kasih oktan tinggi dia makin irit/performa naik. Kasih oktan rendah dia makin boros/performa turun. Contoh fufi, di buku pedoman RON minimal itu 88/premium."
meupzyl,Deleted,[removed]
mewj2zq,sadbot0001,">2 tahun lalu gw roya SHM gw dari Pertanggungan Bank balik ke nama gw, cuma bayar 50 rb 1 minggu jadi.

Pengalaman yang mirip dengan gue di kantor ATR/BPN Kab. Bandung. Tapi waktu tunggu gue dulu gak sampe 1 minggu kayaknya."
